-- MySQL dump 10.13  Distrib 5.6.38, for macos10.12 (x86_64)
--
-- Host: 127.0.0.1    Database: path
-- ------------------------------------------------------
-- Server version	5.6.38

/*!40101 SET @OLD_CHARACTER_SET_CLIENT=@@CHARACTER_SET_CLIENT */;
/*!40101 SET @OLD_CHARACTER_SET_RESULTS=@@CHARACTER_SET_RESULTS */;
/*!40101 SET @OLD_COLLATION_CONNECTION=@@COLLATION_CONNECTION */;
/*!40101 SET NAMES utf8 */;
/*!40103 SET @OLD_TIME_ZONE=@@TIME_ZONE */;
/*!40103 SET TIME_ZONE='+00:00' */;
/*!40014 SET @OLD_UNIQUE_CHECKS=@@UNIQUE_CHECKS, UNIQUE_CHECKS=0 */;
/*!40014 SET @OLD_FOREIGN_KEY_CHECKS=@@FOREIGN_KEY_CHECKS, FOREIGN_KEY_CHECKS=0 */;
/*!40101 SET @OLD_SQL_MODE=@@SQL_MODE, SQL_MODE='NO_AUTO_VALUE_ON_ZERO' */;
/*!40111 SET @OLD_SQL_NOTES=@@SQL_NOTES, SQL_NOTES=0 */;

--
-- Table structure for table `centernode`
--

DROP TABLE IF EXISTS `centernode`;
/*!40101 SET @saved_cs_client     = @@character_set_client */;
/*!40101 SET character_set_client = utf8 */;
CREATE TABLE `centernode` (
  `c_id` int(11) NOT NULL,
  `c_num` varchar(50) NOT NULL,
  `c_name` varchar(50) NOT NULL,
  `c_address` varchar(50) NOT NULL,
  `c_type` int(1) NOT NULL,
  `c_longitude` varchar(20) DEFAULT NULL,
  `c_latitude` varchar(20) DEFAULT NULL,
  `c_baidulongitude` float DEFAULT NULL,
  `c_baidulatitude` float DEFAULT NULL,
  `c_quatity` double DEFAULT NULL,
  `c_rem` varchar(20) DEFAULT NULL,
  PRIMARY KEY (`c_id`,`c_num`),
  CONSTRAINT `centernode_ibfk_1` FOREIGN KEY (`c_id`) REFERENCES `questionbasic` (`q_id`)
) ENGINE=InnoDB DEFAULT CHARSET=utf8;
/*!40101 SET character_set_client = @saved_cs_client */;

--
-- Dumping data for table `centernode`
--

LOCK TABLES `centernode` WRITE;
/*!40000 ALTER TABLE `centernode` DISABLE KEYS */;
INSERT INTO `centernode` VALUES (1,'c1','华夏银行','黄山大道中段70号4幢',1,'106.495095','29.620681',NULL,NULL,10000,NULL);
/*!40000 ALTER TABLE `centernode` ENABLE KEYS */;
UNLOCK TABLES;

--
-- Table structure for table `distance`
--

DROP TABLE IF EXISTS `distance`;
/*!40101 SET @saved_cs_client     = @@character_set_client */;
/*!40101 SET character_set_client = utf8 */;
CREATE TABLE `distance` (
  `d_id` int(11) NOT NULL,
  `start_id` varchar(255) NOT NULL DEFAULT '',
  `end_id` varchar(255) NOT NULL DEFAULT '',
  `standard_dis` int(11) DEFAULT NULL,
  `standard_time` int(11) DEFAULT NULL,
  PRIMARY KEY (`d_id`,`start_id`,`end_id`),
  CONSTRAINT `distance_ibfk_1` FOREIGN KEY (`d_id`) REFERENCES `questionbasic` (`q_id`)
) ENGINE=InnoDB DEFAULT CHARSET=utf8;
/*!40101 SET character_set_client = @saved_cs_client */;

--
-- Dumping data for table `distance`
--

LOCK TABLES `distance` WRITE;
/*!40000 ALTER TABLE `distance` DISABLE KEYS */;
INSERT INTO `distance` VALUES (1,'c1','c1',150,1),(1,'c1','s1001',24100,43),(1,'c1','s1002',11900,40),(1,'c1','s1003',10800,33),(1,'c1','s1004',7100,26),(1,'c1','s1005',49200,67),(1,'c1','s1006',22000,63),(1,'c1','s1007',16300,58),(1,'c1','s1008',17600,62),(1,'c1','s1009',15800,64),(1,'s1001','c1',21200,39),(1,'s1001','s1001',120,1),(1,'s1001','s1002',19300,47),(1,'s1001','s1003',29300,54),(1,'s1001','s1004',24400,44),(1,'s1001','s1005',55000,69),(1,'s1001','s1006',40600,85),(1,'s1001','s1007',33900,74),(1,'s1001','s1008',35200,78),(1,'s1001','s1009',24700,63),(1,'s1002','c1',11000,35),(1,'s1002','s1001',20100,44),(1,'s1002','s1002',10,1),(1,'s1002','s1003',11400,45),(1,'s1002','s1004',6600,24),(1,'s1002','s1005',42400,59),(1,'s1002','s1006',15900,59),(1,'s1002','s1007',11800,49),(1,'s1002','s1008',13100,53),(1,'s1002','s1009',7700,28),(1,'s1003','c1',11900,25),(1,'s1003','s1001',29500,55),(1,'s1003','s1002',11400,42),(1,'s1003','s1003',60,1),(1,'s1003','s1004',7200,17),(1,'s1003','s1005',43700,51),(1,'s1003','s1006',11500,34),(1,'s1003','s1007',10600,33),(1,'s1003','s1008',10600,31),(1,'s1003','s1009',14700,37),(1,'s1004','c1',7900,24),(1,'s1004','s1001',24400,48),(1,'s1004','s1002',6700,26),(1,'s1004','s1003',7600,26),(1,'s1004','s1004',250,1),(1,'s1004','s1005',45000,66),(1,'s1004','s1006',13600,41),(1,'s1004','s1007',9500,33),(1,'s1004','s1008',10700,37),(1,'s1004','s1009',11000,33),(1,'s1005','c1',51300,75),(1,'s1005','s1001',55200,75),(1,'s1005','s1002',42000,66),(1,'s1005','s1003',43500,63),(1,'s1005','s1004',45700,91),(1,'s1005','s1005',140,1),(1,'s1005','s1006',31200,52),(1,'s1005','s1007',34200,67),(1,'s1005','s1008',23,43),(1,'s1005','s1009',34600,108),(1,'s1006','c1',25700,45),(1,'s1006','s1001',44700,70),(1,'s1006','s1002',16500,49),(1,'s1006','s1003',12000,37),(1,'s1006','s1004',15200,33),(1,'s1006','s1005',30700,35),(1,'s1006','s1006',60,1),(1,'s1006','s1007',6400,25),(1,'s1006','s1008',4400,15),(1,'s1006','s1009',12600,37),(1,'s1007','c1',16300,40),(1,'s1007','s1001',34000,62),(1,'s1007','s1002',11100,35),(1,'s1007','s1003',9700,27),(1,'s1007','s1004',9800,20),(1,'s1007','s1005',38900,51),(1,'s1007','s1006',6100,17),(1,'s1007','s1007',10,1),(1,'s1007','s1008',2000,7),(1,'s1007','s1009',7200,23),(1,'s1008','c1',17300,45),(1,'s1008','s1001',35000,65),(1,'s1008','s1002',12100,40),(1,'s1008','s1003',11000,34),(1,'s1008','s1004',10800,24),(1,'s1008','s1005',32600,43),(1,'s1008','s1006',4200,11),(1,'s1008','s1007',2000,10),(1,'s1008','s1008',40,1),(1,'s1008','s1009',8500,29),(1,'s1009','c1',19400,53),(1,'s1009','s1001',25400,58),(1,'s1009','s1002',8300,32),(1,'s1009','s1003',13800,45),(1,'s1009','s1004',12600,32),(1,'s1009','s1005',35100,46),(1,'s1009','s1006',11400,37),(1,'s1009','s1007',6300,24),(1,'s1009','s1008',7500,29),(1,'s1009','s1009',50,1);
/*!40000 ALTER TABLE `distance` ENABLE KEYS */;
UNLOCK TABLES;

--
-- Table structure for table `finalsolution`
--

DROP TABLE IF EXISTS `finalsolution`;
/*!40101 SET @saved_cs_client     = @@character_set_client */;
/*!40101 SET character_set_client = utf8 */;
CREATE TABLE `finalsolution` (
  `f_id` int(11) NOT NULL AUTO_INCREMENT,
  `q_id` int(11) NOT NULL,
  PRIMARY KEY (`f_id`),
  KEY `q_id` (`q_id`),
  CONSTRAINT `finalsolution_ibfk_1` FOREIGN KEY (`q_id`) REFERENCES `questionbasic` (`q_id`)
) ENGINE=InnoDB AUTO_INCREMENT=11 DEFAULT CHARSET=utf8;
/*!40101 SET character_set_client = @saved_cs_client */;

--
-- Dumping data for table `finalsolution`
--

LOCK TABLES `finalsolution` WRITE;
/*!40000 ALTER TABLE `finalsolution` DISABLE KEYS */;
INSERT INTO `finalsolution` VALUES (1,1),(2,1),(3,1),(4,1),(5,1),(6,1),(7,1),(8,1),(9,1),(10,1);
/*!40000 ALTER TABLE `finalsolution` ENABLE KEYS */;
UNLOCK TABLES;

--
-- Table structure for table `questionbasic`
--

DROP TABLE IF EXISTS `questionbasic`;
/*!40101 SET @saved_cs_client     = @@character_set_client */;
/*!40101 SET character_set_client = utf8 */;
CREATE TABLE `questionbasic` (
  `q_id` int(4) NOT NULL AUTO_INCREMENT,
  `q_name` varchar(50) NOT NULL,
  `q_descript` varchar(500) DEFAULT NULL,
  `q_rem1` varchar(50) DEFAULT NULL,
  `q_rem2` varchar(200) DEFAULT NULL,
  PRIMARY KEY (`q_id`)
) ENGINE=InnoDB AUTO_INCREMENT=2 DEFAULT CHARSET=utf8;
/*!40101 SET character_set_client = @saved_cs_client */;

--
-- Dumping data for table `questionbasic`
--

LOCK TABLES `questionbasic` WRITE;
/*!40000 ALTER TABLE `questionbasic` DISABLE KEYS */;
INSERT INTO `questionbasic` VALUES (1,'1','1','1','1');
/*!40000 ALTER TABLE `questionbasic` ENABLE KEYS */;
UNLOCK TABLES;

--
-- Table structure for table `route`
--

DROP TABLE IF EXISTS `route`;
/*!40101 SET @saved_cs_client     = @@character_set_client */;
/*!40101 SET character_set_client = utf8 */;
CREATE TABLE `route` (
  `r_id` int(11) NOT NULL AUTO_INCREMENT,
  `f_id` int(11) NOT NULL,
  `v_id` int(11) NOT NULL,
  `route` varchar(255) NOT NULL,
  `total_time` double NOT NULL,
  `total_dis` double NOT NULL,
  PRIMARY KEY (`r_id`,`f_id`,`v_id`),
  KEY `v_id` (`v_id`),
  KEY `f_id` (`f_id`),
  CONSTRAINT `route_ibfk_2` FOREIGN KEY (`v_id`) REFERENCES `vahicle` (`v_num`),
  CONSTRAINT `route_ibfk_3` FOREIGN KEY (`f_id`) REFERENCES `finalsolution` (`f_id`)
) ENGINE=InnoDB AUTO_INCREMENT=255 DEFAULT CHARSET=utf8;
/*!40101 SET character_set_client = @saved_cs_client */;

--
-- Dumping data for table `route`
--

LOCK TABLES `route` WRITE;
/*!40000 ALTER TABLE `route` DISABLE KEYS */;
INSERT INTO `route` VALUES (233,1,101,'黄山大道中段70号4幢,杨家坪正街20号重百商场(杨家坪店)F1层,建新东路71号附1号,双龙大道8号,钢花路428号,重庆市沙坪坝区大桥中国建设银行重庆沙坪坝西部物流园支行,重庆市巴南区南湖路50号,渝北区红石路284-300号,西郊路29号附1号,南坪西路26号,黄山大道中段70号4幢,',520,228100),(234,2,101,'黄山大道中段70号4幢,建新东路71号附1号,杨家坪正街20号重百商场(杨家坪店)F1层,钢花路428号,渝北区红石路284-300号,重庆市沙坪坝区大桥中国建设银行重庆沙坪坝西部物流园支行,黄山大道中段70号4幢,',190,64500),(235,2,101,'黄山大道中段70号4幢,建新东路71号附1号,杨家坪正街20号重百商场(杨家坪店)F1层,钢花路428号,渝北区红石路284-300号,重庆市沙坪坝区大桥中国建设银行重庆沙坪坝西部物流园支行,黄山大道中段70号4幢,黄山大道中段70号4幢,双龙大道8号,重庆市巴南区南湖路50号,西郊路29号附1号,南坪西路26号,黄山大道中段70号4幢,',427,171523),(236,3,101,'黄山大道中段70号4幢,西郊路29号附1号,建新东路71号附1号,重庆市巴南区南湖路50号,钢花路428号,渝北区红石路284-300号,重庆市沙坪坝区大桥中国建设银行重庆沙坪坝西部物流园支行,南坪西路26号,双龙大道8号,黄山大道中段70号4幢,',406,187400),(237,3,101,'黄山大道中段70号4幢,西郊路29号附1号,建新东路71号附1号,重庆市巴南区南湖路50号,钢花路428号,渝北区红石路284-300号,重庆市沙坪坝区大桥中国建设银行重庆沙坪坝西部物流园支行,南坪西路26号,双龙大道8号,黄山大道中段70号4幢,黄山大道中段70号4幢,杨家坪正街20号重百商场(杨家坪店)F1层,黄山大道中段70号4幢,',504,220000),(238,4,101,'黄山大道中段70号4幢,渝北区红石路284-300号,钢花路428号,双龙大道8号,建新东路71号附1号,西郊路29号附1号,杨家坪正街20号重百商场(杨家坪店)F1层,重庆市巴南区南湖路50号,重庆市沙坪坝区大桥中国建设银行重庆沙坪坝西部物流园支行,黄山大道中段70号4幢,',386,194100),(239,4,101,'黄山大道中段70号4幢,渝北区红石路284-300号,钢花路428号,双龙大道8号,建新东路71号附1号,西郊路29号附1号,杨家坪正街20号重百商场(杨家坪店)F1层,重庆市巴南区南湖路50号,重庆市沙坪坝区大桥中国建设银行重庆沙坪坝西部物流园支行,黄山大道中段70号4幢,黄山大道中段70号4幢,南坪西路26号,黄山大道中段70号4幢,',503,229300),(240,5,101,'黄山大道中段70号4幢,渝北区红石路284-300号,南坪西路26号,西郊路29号附1号,杨家坪正街20号重百商场(杨家坪店)F1层,黄山大道中段70号4幢,',138,43900),(241,5,101,'黄山大道中段70号4幢,渝北区红石路284-300号,南坪西路26号,西郊路29号附1号,杨家坪正街20号重百商场(杨家坪店)F1层,黄山大道中段70号4幢,黄山大道中段70号4幢,建新东路71号附1号,重庆市巴南区南湖路50号,黄山大道中段70号4幢,',312,149500),(242,5,101,'黄山大道中段70号4幢,渝北区红石路284-300号,南坪西路26号,西郊路29号附1号,杨家坪正街20号重百商场(杨家坪店)F1层,黄山大道中段70号4幢,黄山大道中段70号4幢,建新东路71号附1号,重庆市巴南区南湖路50号,黄山大道中段70号4幢,黄山大道中段70号4幢,双龙大道8号,重庆市沙坪坝区大桥中国建设银行重庆沙坪坝西部物流园支行,钢花路428号,黄山大道中段70号4幢,',488,240100),(243,6,101,'黄山大道中段70号4幢,双龙大道8号,重庆市沙坪坝区大桥中国建设银行重庆沙坪坝西部物流园支行,渝北区红石路284-300号,重庆市巴南区南湖路50号,钢花路428号,南坪西路26号,西郊路29号附1号,黄山大道中段70号4幢,',343,174200),(244,6,101,'黄山大道中段70号4幢,双龙大道8号,重庆市沙坪坝区大桥中国建设银行重庆沙坪坝西部物流园支行,渝北区红石路284-300号,重庆市巴南区南湖路50号,钢花路428号,南坪西路26号,西郊路29号附1号,黄山大道中段70号4幢,黄山大道中段70号4幢,杨家坪正街20号重百商场(杨家坪店)F1层,黄山大道中段70号4幢,',441,206800),(245,6,101,'黄山大道中段70号4幢,双龙大道8号,重庆市沙坪坝区大桥中国建设银行重庆沙坪坝西部物流园支行,渝北区红石路284-300号,重庆市巴南区南湖路50号,钢花路428号,南坪西路26号,西郊路29号附1号,黄山大道中段70号4幢,黄山大道中段70号4幢,杨家坪正街20号重百商场(杨家坪店)F1层,黄山大道中段70号4幢,黄山大道中段70号4幢,建新东路71号附1号,黄山大道中段70号4幢,',516,229700),(246,7,101,'黄山大道中段70号4幢,双龙大道8号,建新东路71号附1号,重庆市沙坪坝区大桥中国建设银行重庆沙坪坝西部物流园支行,渝北区红石路284-300号,重庆市巴南区南湖路50号,钢花路428号,杨家坪正街20号重百商场(杨家坪店)F1层,西郊路29号附1号,南坪西路26号,黄山大道中段70号4幢,',384,174500),(247,8,101,'黄山大道中段70号4幢,杨家坪正街20号重百商场(杨家坪店)F1层,建新东路71号附1号,重庆市沙坪坝区大桥中国建设银行重庆沙坪坝西部物流园支行,黄山大道中段70号4幢,',163,50700),(248,8,101,'黄山大道中段70号4幢,杨家坪正街20号重百商场(杨家坪店)F1层,建新东路71号附1号,重庆市沙坪坝区大桥中国建设银行重庆沙坪坝西部物流园支行,黄山大道中段70号4幢,黄山大道中段70号4幢,西郊路29号附1号,重庆市巴南区南湖路50号,钢花路428号,渝北区红石路284-300号,黄山大道中段70号4幢,',377,155200),(249,8,101,'黄山大道中段70号4幢,杨家坪正街20号重百商场(杨家坪店)F1层,建新东路71号附1号,重庆市沙坪坝区大桥中国建设银行重庆沙坪坝西部物流园支行,黄山大道中段70号4幢,黄山大道中段70号4幢,西郊路29号附1号,重庆市巴南区南湖路50号,钢花路428号,渝北区红石路284-300号,黄山大道中段70号4幢,黄山大道中段70号4幢,双龙大道8号,南坪西路26号,黄山大道中段70号4幢,',536,223400),(250,9,101,'黄山大道中段70号4幢,西郊路29号附1号,黄山大道中段70号4幢,',107,34900),(251,9,101,'黄山大道中段70号4幢,西郊路29号附1号,黄山大道中段70号4幢,黄山大道中段70号4幢,双龙大道8号,建新东路71号附1号,重庆市沙坪坝区大桥中国建设银行重庆沙坪坝西部物流园支行,渝北区红石路284-300号,重庆市巴南区南湖路50号,钢花路428号,杨家坪正街20号重百商场(杨家坪店)F1层,南坪西路26号,黄山大道中段70号4幢,',478,206100),(252,10,101,'黄山大道中段70号4幢,杨家坪正街20号重百商场(杨家坪店)F1层,钢花路428号,重庆市巴南区南湖路50号,建新东路71号附1号,重庆市沙坪坝区大桥中国建设银行重庆沙坪坝西部物流园支行,黄山大道中段70号4幢,',246,1),(253,10,101,'黄山大道中段70号4幢,杨家坪正街20号重百商场(杨家坪店)F1层,钢花路428号,重庆市巴南区南湖路50号,建新东路71号附1号,重庆市沙坪坝区大桥中国建设银行重庆沙坪坝西部物流园支行,黄山大道中段70号4幢,黄山大道中段70号4幢,渝北区红石路284-300号,双龙大道8号,黄山大道中段70号4幢,',359,1),(254,10,101,'黄山大道中段70号4幢,杨家坪正街20号重百商场(杨家坪店)F1层,钢花路428号,重庆市巴南区南湖路50号,建新东路71号附1号,重庆市沙坪坝区大桥中国建设银行重庆沙坪坝西部物流园支行,黄山大道中段70号4幢,黄山大道中段70号4幢,渝北区红石路284-300号,双龙大道8号,黄山大道中段70号4幢,黄山大道中段70号4幢,西郊路29号附1号,南坪西路26号,黄山大道中段70号4幢,',503,1);
/*!40000 ALTER TABLE `route` ENABLE KEYS */;
UNLOCK TABLES;

--
-- Table structure for table `servicenode`
--

DROP TABLE IF EXISTS `servicenode`;
/*!40101 SET @saved_cs_client     = @@character_set_client */;
/*!40101 SET character_set_client = utf8 */;
CREATE TABLE `servicenode` (
  `s_id` int(11) NOT NULL,
  `s_num` varchar(50) NOT NULL,
  `s_name` varchar(50) NOT NULL,
  `s_address` varchar(50) NOT NULL,
  `s_type` int(1) NOT NULL,
  `s_longitude` varchar(20) DEFAULT NULL,
  `s_latitude` varchar(20) DEFAULT NULL,
  `s_baidulongitude` float(4,4) DEFAULT NULL,
  `s_baidulatitude` float(4,4) DEFAULT NULL,
  `s_quatity` double DEFAULT NULL,
  `s_rem` varchar(20) DEFAULT NULL,
  PRIMARY KEY (`s_id`,`s_num`),
  CONSTRAINT `servicenode_ibfk_1` FOREIGN KEY (`s_id`) REFERENCES `questionbasic` (`q_id`)
) ENGINE=InnoDB DEFAULT CHARSET=utf8;
/*!40101 SET character_set_client = @saved_cs_client */;

--
-- Dumping data for table `servicenode`
--

LOCK TABLES `servicenode` WRITE;
/*!40000 ALTER TABLE `servicenode` DISABLE KEYS */;
INSERT INTO `servicenode` VALUES (1,'s1001','中国建设银行24小时自助银行(重庆渝北支行城南分理处)','双龙大道8号',0,'106.560419','29.582935',NULL,NULL,500000,NULL),(1,'s1002','中国建设银行24小时自助银行(重庆江北新时代支行)','建新东路71号附1号',0,'106.50542','29.579879',NULL,NULL,500000,NULL),(1,'s1003','中国建设银行24小时自助银行(重庆沙坪坝西部物流园支行)','重庆市沙坪坝区大桥中国建设银行重庆沙坪坝西部物流园支行',0,'106.659304','29.349316',NULL,NULL,500000,NULL),(1,'s1004','中国建设银行24小时自助银行(重庆渝北支行石油分理处)','渝北区红石路284-300号',0,'106.494873','29.489222',NULL,NULL,500000,NULL),(1,'s1005','中国建设银行24小时自助银行(重庆巴南南彭支行)','重庆市巴南区南湖路50号',0,'106.469698','29.563667',NULL,NULL,500000,NULL),(1,'s1006','中国建设银行24小时自助银行(重庆大渡口支行)','钢花路428号',0,'106.522012','29.516937',NULL,NULL,500000,NULL),(1,'s1007','中国建设银行(重庆杨家坪支行)24小时自助银行服务','杨家坪正街20号重百商场(杨家坪店)F1层',0,'106.634853','29.721091',NULL,NULL,500000,NULL),(1,'s1008','中国建设银行24小时自助银行(重庆九龙坡西郊支行)','西郊路29号附1号',0,'106.518282','29.507496',NULL,NULL,500000,NULL),(1,'s1009','中国建设银行24小时自助银行(重庆南坪支行)','南坪西路26号',0,'106.570999','29.534954',NULL,NULL,500000,NULL);
/*!40000 ALTER TABLE `servicenode` ENABLE KEYS */;
UNLOCK TABLES;

--
-- Table structure for table `vahicle`
--

DROP TABLE IF EXISTS `vahicle`;
/*!40101 SET @saved_cs_client     = @@character_set_client */;
/*!40101 SET character_set_client = utf8 */;
CREATE TABLE `vahicle` (
  `v_id` int(11) NOT NULL,
  `v_num` int(11) NOT NULL,
  `v_type` varchar(50) NOT NULL,
  `v_capacity` float NOT NULL,
  `v_oil` float NOT NULL,
  `v_price` float DEFAULT NULL,
  `v_date` date DEFAULT NULL,
  `v_rem` varchar(50) DEFAULT NULL,
  PRIMARY KEY (`v_id`,`v_num`),
  KEY `v_num` (`v_num`),
  CONSTRAINT `vahicle_ibfk_1` FOREIGN KEY (`v_id`) REFERENCES `questionbasic` (`q_id`)
) ENGINE=InnoDB DEFAULT CHARSET=utf8;
/*!40101 SET character_set_client = @saved_cs_client */;

--
-- Dumping data for table `vahicle`
--

LOCK TABLES `vahicle` WRITE;
/*!40000 ALTER TABLE `vahicle` DISABLE KEYS */;
INSERT INTO `vahicle` VALUES (1,101,'CSZ5047XYC5华东运钞车',500000,12.95,100.5,'2017-01-01',NULL),(1,102,'CSZ5047XYC5华东运钞车',500000,12.95,100.5,'2017-01-01',NULL),(1,103,'CSZ5047XYC5华东运钞车',500000,12.95,100.5,'2017-01-01',NULL),(1,104,'CSZ5047XYC5华东运钞车',500000,12.95,100.5,'2017-01-01',NULL),(1,105,'CSZ5047XYC5华东运钞车',500000,12.95,100.5,'2017-01-01',NULL),(1,106,'CSZ5047XYC5华东运钞车',500000,12.95,100.5,'2017-01-01',NULL),(1,107,'CSZ5047XYC5华东运钞车',500000,12.95,100.5,'2017-01-01',NULL),(1,108,'CSZ5047XYC5华东运钞车',500000,12.95,100.5,'2017-01-01',NULL),(1,109,'CSZ5047XYC5华东运钞车',500000,12.95,100.5,'2017-01-01',NULL),(1,110,'CSZ5047XYC5华东运钞车',500000,12.95,100.5,'2017-01-01',NULL),(1,111,'CSZ5047XYC5华东运钞车',500000,12.95,100.5,'2017-01-01',NULL),(1,112,'CSZ5047XYC5华东运钞车',500000,12.95,100.5,'2017-01-01',NULL),(1,113,'CSZ5047XYC5华东运钞车',500000,12.95,100.5,'2017-01-01',NULL),(1,114,'CSZ5047XYC5华东运钞车',500000,12.95,100.5,'2017-01-01',NULL),(1,115,'CSZ5047XYC5华东运钞车',500000,12.95,100.5,'2017-01-01',NULL),(1,116,'CSZ5047XYC5华东运钞车',500000,12.95,100.5,'2017-01-01',NULL),(1,117,'CSZ5047XYC5华东运钞车',500000,12.95,100.5,'2017-01-01',NULL),(1,118,'CSZ5047XYC5华东运钞车',500000,12.95,100.5,'2017-01-01',NULL),(1,119,'CSZ5047XYC5华东运钞车',500000,12.95,100.5,'2017-01-01',NULL),(1,120,'CSZ5047XYC5华东运钞车',500000,12.95,100.5,'2017-01-01',NULL),(1,121,'CSZ5047XYC5华东运钞车',500000,12.95,100.5,'2017-01-01',NULL),(1,122,'CSZ5047XYC5华东运钞车',500000,12.95,100.5,'2017-01-01',NULL),(1,123,'CSZ5047XYC5华东运钞车',500000,12.95,100.5,'2017-01-01',NULL),(1,124,'CSZ5047XYC5华东运钞车',500000,12.95,100.5,'2017-01-01',NULL),(1,125,'CSZ5047XYC5华东运钞车',500000,12.95,100.5,'2017-01-01',NULL),(1,126,'CSZ5047XYC5华东运钞车',500000,12.95,100.5,'2017-01-01',NULL),(1,127,'CSZ5047XYC5华东运钞车',500000,12.95,100.5,'2017-01-01',NULL),(1,128,'CSZ5047XYC5华东运钞车',500000,12.95,100.5,'2017-01-01',NULL),(1,129,'CSZ5047XYC5华东运钞车',500000,12.95,100.5,'2017-01-01',NULL),(1,130,'CSZ5047XYC5华东运钞车',500000,12.95,100.5,'2017-01-01',NULL),(1,131,'CSZ5047XYC5华东运钞车',500000,12.95,100.5,'2017-01-01',NULL),(1,132,'CSZ5047XYC5华东运钞车',500000,12.95,100.5,'2017-01-01',NULL),(1,133,'CSZ5047XYC5华东运钞车',500000,12.95,100.5,'2017-01-01',NULL),(1,134,'CSZ5047XYC5华东运钞车',500000,12.95,100.5,'2017-01-01',NULL),(1,135,'CSZ5047XYC5华东运钞车',500000,12.95,100.5,'2017-01-01',NULL),(1,136,'CSZ5047XYC5华东运钞车',500000,12.95,100.5,'2017-01-01',NULL),(1,137,'CSZ5047XYC5华东运钞车',500000,12.95,100.5,'2017-01-01',NULL),(1,138,'CSZ5047XYC5华东运钞车',500000,12.95,100.5,'2017-01-01',NULL),(1,139,'CSZ5047XYC5华东运钞车',500000,12.95,100.5,'2017-01-01',NULL),(1,140,'CSZ5047XYC5华东运钞车',500000,12.95,100.5,'2017-01-01',NULL),(1,141,'CSZ5047XYC5华东运钞车',500000,12.95,100.5,'2017-01-01',NULL),(1,142,'九州牌SYC5046XYY01型押运车',800000,20,150,'2017-01-01',NULL),(1,143,'九州牌SYC5046XYY02型押运车',800000,20,150,'2017-01-01',NULL),(1,144,'九州牌SYC5046XYY03型押运车',800000,20,150,'2017-01-01',NULL),(1,145,'九州牌SYC5046XYY04型押运车',800000,20,150,'2017-01-01',NULL),(1,146,'九州牌SYC5046XYY05型押运车',800000,20,150,'2017-01-01',NULL),(1,147,'九州牌SYC5046XYY06型押运车',800000,20,150,'2017-01-01',NULL),(1,148,'九州牌SYC5046XYY07型押运车',800000,20,150,'2017-01-01',NULL),(1,149,'九州牌SYC5046XYY08型押运车',800000,20,150,'2017-01-01',NULL),(1,150,'九州牌SYC5046XYY09型押运车',800000,20,150,'2017-01-01',NULL),(1,151,'九州牌SYC5046XYY10型押运车',800000,20,150,'2017-01-01',NULL),(1,152,'九州牌SYC5046XYY11型押运车',800000,20,150,'2017-01-01',NULL),(1,153,'九州牌SYC5046XYY12型押运车',800000,20,150,'2017-01-01',NULL),(1,154,'九州牌SYC5046XYY13型押运车',800000,20,150,'2017-01-01',NULL),(1,155,'九州牌SYC5046XYY14型押运车',800000,20,150,'2017-01-01',NULL),(1,156,'九州牌SYC5046XYY15型押运车',800000,20,150,'2017-01-01',NULL),(1,157,'九州牌SYC5046XYY16型押运车',800000,20,150,'2017-01-01',NULL),(1,158,'九州牌SYC5046XYY17型押运车',800000,20,150,'2017-01-01',NULL),(1,159,'九州牌SYC5046XYY18型押运车',800000,20,150,'2017-01-01',NULL),(1,160,'九州牌SYC5046XYY19型押运车',800000,20,150,'2017-01-01',NULL),(1,161,'九州牌SYC5046XYY20型押运车',800000,20,150,'2017-01-01',NULL),(1,162,'九州牌SYC5046XYY21型押运车',800000,20,150,'2017-01-01',NULL),(1,163,'九州牌SYC5046XYY22型押运车',800000,20,150,'2017-01-01',NULL),(1,164,'九州牌SYC5046XYY23型押运车',800000,20,150,'2017-01-01',NULL),(1,165,'九州牌SYC5046XYY24型押运车',800000,20,150,'2017-01-01',NULL),(1,166,'九州牌SYC5046XYY25型押运车',800000,20,150,'2017-01-01',NULL),(1,167,'九州牌SYC5046XYY26型押运车',800000,20,150,'2017-01-01',NULL),(1,168,'九州牌SYC5046XYY27型押运车',800000,20,150,'2017-01-01',NULL),(1,169,'九州牌SYC5046XYY28型押运车',800000,20,150,'2017-01-01',NULL),(1,170,'九州牌SYC5046XYY29型押运车',800000,20,150,'2017-01-01',NULL),(1,171,'九州牌SYC5046XYY30型押运车',800000,20,150,'2017-01-01',NULL),(1,172,'九州牌SYC5046XYY31型押运车',800000,20,150,'2017-01-01',NULL),(1,173,'九州牌SYC5046XYY32型押运车',800000,20,150,'2017-01-01',NULL),(1,174,'九州牌SYC5046XYY33型押运车',800000,20,150,'2017-01-01',NULL),(1,175,'九州牌SYC5046XYY34型押运车',800000,20,150,'2017-01-01',NULL),(1,176,'九州牌SYC5046XYY35型押运车',800000,20,150,'2017-01-01',NULL),(1,177,'九州牌SYC5046XYY36型押运车',800000,20,150,'2017-01-01',NULL),(1,178,'九州牌SYC5046XYY37型押运车',800000,20,150,'2017-01-01',NULL),(1,179,'九州牌SYC5046XYY38型押运车',800000,20,150,'2017-01-01',NULL),(1,180,'九州牌SYC5046XYY39型押运车',800000,20,150,'2017-01-01',NULL),(1,181,'九州牌SYC5046XYY40型押运车',800000,20,150,'2017-01-01',NULL),(1,182,'CSZ5260XYC3华东运钞车',1000000,37.3,200,'2017-01-01',NULL),(1,183,'CSZ5260XYC4华东运钞车',1000000,37.3,200,'2017-01-01',NULL),(1,184,'CSZ5260XYC5华东运钞车',1000000,37.3,200,'2017-01-01',NULL),(1,185,'CSZ5260XYC6华东运钞车',1000000,37.3,200,'2017-01-01',NULL),(1,186,'CSZ5260XYC7华东运钞车',1000000,37.3,200,'2017-01-01',NULL),(1,187,'CSZ5260XYC8华东运钞车',1000000,37.3,200,'2017-01-01',NULL),(1,188,'CSZ5260XYC9华东运钞车',1000000,37.3,200,'2017-01-01',NULL),(1,189,'CSZ5260XYC10华东运钞车',1000000,37.3,200,'2017-01-01',NULL),(1,190,'CSZ5260XYC11华东运钞车',1000000,37.3,200,'2017-01-01',NULL),(1,191,'CSZ5260XYC12华东运钞车',1000000,37.3,200,'2017-01-01',NULL),(1,192,'CSZ5260XYC13华东运钞车',1000000,37.3,200,'2017-01-01',NULL),(1,193,'CSZ5260XYC14华东运钞车',1000000,37.3,200,'2017-01-01',NULL),(1,194,'CSZ5260XYC15华东运钞车',1000000,37.3,200,'2017-01-01',NULL),(1,195,'CSZ5260XYC16华东运钞车',1000000,37.3,200,'2017-01-01',NULL),(1,196,'CSZ5260XYC17华东运钞车',1000000,37.3,200,'2017-01-01',NULL),(1,197,'CSZ5260XYC18华东运钞车',1000000,37.3,200,'2017-01-01',NULL),(1,198,'CSZ5260XYC19华东运钞车',1000000,37.3,200,'2017-01-01',NULL),(1,199,'CSZ5260XYC20华东运钞车',1000000,37.3,200,'2017-01-01',NULL),(1,200,'CSZ5260XYC21华东运钞车',1000000,37.3,200,'2017-01-01',NULL),(1,201,'CSZ5260XYC22华东运钞车',1000000,37.3,200,'2017-01-01',NULL);
/*!40000 ALTER TABLE `vahicle` ENABLE KEYS */;
UNLOCK TABLES;
/*!40103 SET TIME_ZONE=@OLD_TIME_ZONE */;

/*!40101 SET SQL_MODE=@OLD_SQL_MODE */;
/*!40014 SET FOREIGN_KEY_CHECKS=@OLD_FOREIGN_KEY_CHECKS */;
/*!40014 SET UNIQUE_CHECKS=@OLD_UNIQUE_CHECKS */;
/*!40101 SET CHARACTER_SET_CLIENT=@OLD_CHARACTER_SET_CLIENT */;
/*!40101 SET CHARACTER_SET_RESULTS=@OLD_CHARACTER_SET_RESULTS */;
/*!40101 SET COLLATION_CONNECTION=@OLD_COLLATION_CONNECTION */;
/*!40111 SET SQL_NOTES=@OLD_SQL_NOTES */;

-- Dump completed on 2018-04-12 19:06:41
